<?xml version='1.0' encoding='UTF-8' standalone='no'?>
<doxygen xmlns:xsi="http://www.w3.org/2001/XMLSchema-instance" xsi:noNamespaceSchemaLocation="compound.xsd" version="1.8.18">
  <compounddef id="dados_8h" kind="file" language="C++">
    <compoundname>dados.h</compoundname>
    <includedby refid="dados_8c" local="yes">dados.c</includedby>
    <includedby refid="interface_8h" local="yes">interface.h</includedby>
    <includedby refid="lista_8h" local="yes">lista.h</includedby>
    <includedby refid="logica_8c" local="yes">logica.c</includedby>
    <invincdepgraph>
      <node id="1">
        <label>dados.h</label>
        <link refid="dados_8h"/>
        <childnode refid="2" relation="include">
        </childnode>
        <childnode refid="3" relation="include">
        </childnode>
      </node>
      <node id="3">
        <label>lista.h</label>
        <link refid="lista_8h_source"/>
      </node>
      <node id="2">
        <label>interface.h</label>
        <link refid="interface_8h"/>
      </node>
    </invincdepgraph>
    <innerclass refid="struct_c_o_o_r_d_e_n_a_d_a" prot="public">COORDENADA</innerclass>
    <innerclass refid="struct_j_o_g_a_d_a" prot="public">JOGADA</innerclass>
    <innerclass refid="struct_e_s_t_a_d_o" prot="public">ESTADO</innerclass>
    <innerclass refid="struct_l_i_s_t_a" prot="public">LISTA</innerclass>
      <sectiondef kind="enum">
      <memberdef kind="enum" id="dados_8h_1aba91601f16d4c485b2d9b8c429f27039" prot="public" static="no" strong="no">
        <type></type>
        <name>CASA</name>
        <enumvalue id="dados_8h_1aba91601f16d4c485b2d9b8c429f27039abc711f491a56ec7af7a688be508c5113" prot="public">
          <name>VAZIO</name>
          <briefdescription>
          </briefdescription>
          <detaileddescription>
          </detaileddescription>
        </enumvalue>
        <enumvalue id="dados_8h_1aba91601f16d4c485b2d9b8c429f27039ad24485fddec75419fd4a0cc9edda0ca5" prot="public">
          <name>BRANCA</name>
          <briefdescription>
          </briefdescription>
          <detaileddescription>
          </detaileddescription>
        </enumvalue>
        <enumvalue id="dados_8h_1aba91601f16d4c485b2d9b8c429f27039a007278eb3827d19891b47cdd3ac8846d" prot="public">
          <name>PRETA</name>
          <briefdescription>
          </briefdescription>
          <detaileddescription>
          </detaileddescription>
        </enumvalue>
        <briefdescription>
        </briefdescription>
        <detaileddescription>
        </detaileddescription>
        <inbodydescription>
        </inbodydescription>
        <location file="dados.h" line="1" column="1" bodyfile="dados.h" bodystart="1" bodyend="1"/>
      </memberdef>
      </sectiondef>
      <sectiondef kind="typedef">
      <memberdef kind="typedef" id="dados_8h_1a94c221d29a1760f008b7834093259b7d" prot="public" static="no">
        <type><ref refid="struct_j_o_g_a_d_a" kindref="compound">JOGADA</ref></type>
        <definition>typedef JOGADA JOGADAS[32]</definition>
        <argsstring>[32]</argsstring>
        <name>JOGADAS</name>
        <briefdescription>
        </briefdescription>
        <detaileddescription>
        </detaileddescription>
        <inbodydescription>
        </inbodydescription>
        <location file="dados.h" line="10" column="16" bodyfile="dados.h" bodystart="10" bodyend="-1"/>
      </memberdef>
      <memberdef kind="typedef" id="dados_8h_1aa21c7f1158bf5421951103fe335310f0" prot="public" static="no">
        <type>struct <ref refid="struct_l_i_s_t_a" kindref="compound">LISTA</ref></type>
        <definition>typedef struct LISTA node</definition>
        <argsstring></argsstring>
        <name>node</name>
        <briefdescription>
        </briefdescription>
        <detaileddescription>
        </detaileddescription>
        <inbodydescription>
        </inbodydescription>
        <location file="dados.h" line="22" column="5"/>
      </memberdef>
      </sectiondef>
      <sectiondef kind="func">
      <memberdef kind="function" id="dados_8h_1a7e0c7e26fb685d9ab501e19b05e6954f" prot="public" static="no" const="no" explicit="no" inline="no" virt="non-virtual">
        <type><ref refid="struct_e_s_t_a_d_o" kindref="compound">ESTADO</ref> *</type>
        <definition>ESTADO* inicializar_estado</definition>
        <argsstring>()</argsstring>
        <name>inicializar_estado</name>
        <briefdescription>
        </briefdescription>
        <detaileddescription>
        </detaileddescription>
        <inbodydescription>
        </inbodydescription>
        <location file="dados.h" line="28" column="8" bodyfile="dados.c" bodystart="6" bodyend="22" declfile="dados.h" declline="28" declcolumn="8"/>
      </memberdef>
      <memberdef kind="function" id="dados_8h_1ad6e326e4ffa57ca1ae0c75377ecefc8c" prot="public" static="no" const="no" explicit="no" inline="no" virt="non-virtual">
        <type>int</type>
        <definition>int obter_jogador_atual</definition>
        <argsstring>(ESTADO *estado)</argsstring>
        <name>obter_jogador_atual</name>
        <param>
          <type><ref refid="struct_e_s_t_a_d_o" kindref="compound">ESTADO</ref> *</type>
          <declname>estado</declname>
        </param>
        <briefdescription>
        </briefdescription>
        <detaileddescription>
        </detaileddescription>
        <inbodydescription>
        </inbodydescription>
        <location file="dados.h" line="29" column="5" bodyfile="dados.c" bodystart="24" bodyend="26" declfile="dados.h" declline="29" declcolumn="5"/>
      </memberdef>
      <memberdef kind="function" id="dados_8h_1a6cd0b387bdee9e18003c78852394aa63" prot="public" static="no" const="no" explicit="no" inline="no" virt="non-virtual">
        <type>int</type>
        <definition>int obter_numero_de_jogadas</definition>
        <argsstring>(ESTADO *estado)</argsstring>
        <name>obter_numero_de_jogadas</name>
        <param>
          <type><ref refid="struct_e_s_t_a_d_o" kindref="compound">ESTADO</ref> *</type>
          <declname>estado</declname>
        </param>
        <briefdescription>
        </briefdescription>
        <detaileddescription>
        </detaileddescription>
        <inbodydescription>
        </inbodydescription>
        <location file="dados.h" line="30" column="5" bodyfile="dados.c" bodystart="28" bodyend="30" declfile="dados.h" declline="30" declcolumn="5"/>
      </memberdef>
      <memberdef kind="function" id="dados_8h_1a09857e35bf58d8ec9cfed3bc88637b42" prot="public" static="no" const="no" explicit="no" inline="no" virt="non-virtual">
        <type>int</type>
        <definition>int obter_estado_casa</definition>
        <argsstring>(ESTADO *e, COORDENADA c)</argsstring>
        <name>obter_estado_casa</name>
        <param>
          <type><ref refid="struct_e_s_t_a_d_o" kindref="compound">ESTADO</ref> *</type>
          <declname>e</declname>
        </param>
        <param>
          <type><ref refid="struct_c_o_o_r_d_e_n_a_d_a" kindref="compound">COORDENADA</ref></type>
          <declname>c</declname>
        </param>
        <briefdescription>
        </briefdescription>
        <detaileddescription>
        </detaileddescription>
        <inbodydescription>
        </inbodydescription>
        <location file="dados.h" line="31" column="5" bodyfile="dados.c" bodystart="32" bodyend="34" declfile="dados.h" declline="31" declcolumn="5"/>
      </memberdef>
      <memberdef kind="function" id="dados_8h_1a40555aff97afc67bd1866f2785111310" prot="public" static="no" const="no" explicit="no" inline="no" virt="non-virtual">
        <type><ref refid="struct_c_o_o_r_d_e_n_a_d_a" kindref="compound">COORDENADA</ref></type>
        <definition>COORDENADA obter_ultima_jogada</definition>
        <argsstring>(ESTADO *e)</argsstring>
        <name>obter_ultima_jogada</name>
        <param>
          <type><ref refid="struct_e_s_t_a_d_o" kindref="compound">ESTADO</ref> *</type>
          <declname>e</declname>
        </param>
        <briefdescription>
        </briefdescription>
        <detaileddescription>
        </detaileddescription>
        <inbodydescription>
        </inbodydescription>
        <location file="dados.h" line="32" column="12" declfile="dados.h" declline="32" declcolumn="12"/>
      </memberdef>
      </sectiondef>
    <briefdescription>
    </briefdescription>
    <detaileddescription>
    </detaileddescription>
    <programlisting>
<codeline lineno="1"><highlight class="keyword">typedef</highlight><highlight class="normal"><sp/></highlight><highlight class="keyword">enum</highlight><highlight class="normal"><sp/>{VAZIO,<sp/>BRANCA,<sp/>PRETA}<sp/>CASA;</highlight></codeline>
<codeline lineno="2" refid="struct_c_o_o_r_d_e_n_a_d_a" refkind="compound"><highlight class="normal"></highlight><highlight class="keyword">typedef</highlight><highlight class="normal"><sp/></highlight><highlight class="keyword">struct<sp/></highlight><highlight class="normal">{</highlight></codeline>
<codeline lineno="3"><highlight class="normal"><sp/><sp/><sp/><sp/></highlight><highlight class="keywordtype">int</highlight><highlight class="normal"><sp/>coluna;</highlight></codeline>
<codeline lineno="4"><highlight class="normal"><sp/><sp/><sp/><sp/></highlight><highlight class="keywordtype">int</highlight><highlight class="normal"><sp/>linha;</highlight></codeline>
<codeline lineno="5"><highlight class="normal">}<sp/><ref refid="struct_c_o_o_r_d_e_n_a_d_a" kindref="compound">COORDENADA</ref>;</highlight></codeline>
<codeline lineno="6" refid="struct_j_o_g_a_d_a" refkind="compound"><highlight class="normal"></highlight><highlight class="keyword">typedef</highlight><highlight class="normal"><sp/></highlight><highlight class="keyword">struct<sp/></highlight><highlight class="normal">{</highlight></codeline>
<codeline lineno="7"><highlight class="normal"><sp/><sp/><sp/><sp/><ref refid="struct_c_o_o_r_d_e_n_a_d_a" kindref="compound">COORDENADA</ref><sp/>jogador1;</highlight></codeline>
<codeline lineno="8"><highlight class="normal"><sp/><sp/><sp/><sp/><ref refid="struct_c_o_o_r_d_e_n_a_d_a" kindref="compound">COORDENADA</ref><sp/>jogador2;</highlight></codeline>
<codeline lineno="9"><highlight class="normal">}<sp/><ref refid="struct_j_o_g_a_d_a" kindref="compound">JOGADA</ref>;</highlight></codeline>
<codeline lineno="10"><highlight class="normal"></highlight><highlight class="keyword">typedef</highlight><highlight class="normal"><sp/><ref refid="struct_j_o_g_a_d_a" kindref="compound">JOGADA</ref><sp/>JOGADAS[32];<sp/></highlight><highlight class="comment">//32<sp/>pares<sp/>de<sp/>coordenadas</highlight><highlight class="normal"></highlight></codeline>
<codeline lineno="11" refid="struct_e_s_t_a_d_o" refkind="compound"><highlight class="normal"></highlight><highlight class="keyword">typedef</highlight><highlight class="normal"><sp/></highlight><highlight class="keyword">struct<sp/></highlight><highlight class="normal">{</highlight></codeline>
<codeline lineno="12"><highlight class="normal"><sp/><sp/><sp/><sp/>CASA<sp/>tab[9][9];<sp/></highlight><highlight class="comment">//<sp/>indice<sp/>e<sp/>casas<sp/>do<sp/>jogo<sp/>expandidos</highlight><highlight class="normal"></highlight></codeline>
<codeline lineno="13"><highlight class="normal"><sp/><sp/><sp/><sp/><ref refid="struct_c_o_o_r_d_e_n_a_d_a" kindref="compound">COORDENADA</ref><sp/>ultima_jogada;</highlight></codeline>
<codeline lineno="14"><highlight class="normal"><sp/><sp/><sp/><sp/>JOGADAS<sp/>jogadas;</highlight></codeline>
<codeline lineno="15"><highlight class="normal"><sp/><sp/><sp/><sp/></highlight><highlight class="keywordtype">int</highlight><highlight class="normal"><sp/>num_jogadas;<sp/></highlight><highlight class="comment">//<sp/>valor<sp/>inicial<sp/>=<sp/>0<sp/>jogadas</highlight><highlight class="normal"></highlight></codeline>
<codeline lineno="16"><highlight class="normal"><sp/><sp/><sp/><sp/></highlight><highlight class="keywordtype">int</highlight><highlight class="normal"><sp/>jogador_atual;</highlight></codeline>
<codeline lineno="17"><highlight class="normal">}<ref refid="struct_e_s_t_a_d_o" kindref="compound">ESTADO</ref>;</highlight></codeline>
<codeline lineno="18"><highlight class="normal"><sp/><sp/><sp/><sp/></highlight><highlight class="comment">//<sp/>valor<sp/>inicial<sp/>=<sp/>1</highlight><highlight class="normal"></highlight></codeline>
<codeline lineno="19" refid="struct_l_i_s_t_a" refkind="compound"><highlight class="normal"></highlight><highlight class="keyword">typedef</highlight><highlight class="normal"><sp/></highlight><highlight class="keyword">struct<sp/></highlight><highlight class="normal"><ref refid="struct_l_i_s_t_a" kindref="compound">LISTA</ref><sp/>{<sp/></highlight></codeline>
<codeline lineno="20"><highlight class="normal"><sp/><sp/><sp/><sp/></highlight><highlight class="keywordtype">int</highlight><highlight class="normal"><sp/>data;<sp/></highlight></codeline>
<codeline lineno="21"><highlight class="normal"><sp/><sp/><sp/><sp/></highlight><highlight class="keyword">struct<sp/></highlight><highlight class="normal"><ref refid="struct_l_i_s_t_a" kindref="compound">LISTA</ref><sp/>*next;<sp/></highlight></codeline>
<codeline lineno="22"><highlight class="normal">}<ref refid="struct_l_i_s_t_a" kindref="compound">node</ref>;<sp/></highlight><highlight class="comment">//<sp/>definiçao<sp/>de<sp/>LISTA</highlight><highlight class="normal"></highlight></codeline>
<codeline lineno="23"><highlight class="normal">;</highlight></codeline>
<codeline lineno="24"><highlight class="normal"></highlight><highlight class="preprocessor">#ifndef<sp/>GUIAO5_DADOS_H</highlight><highlight class="normal"></highlight></codeline>
<codeline lineno="25"><highlight class="normal"></highlight><highlight class="preprocessor">#define<sp/>GUIAO5_DADOS_H</highlight><highlight class="normal"></highlight></codeline>
<codeline lineno="26"><highlight class="normal"></highlight></codeline>
<codeline lineno="27"><highlight class="normal"></highlight><highlight class="preprocessor">#endif<sp/>//GUIAO5_DADOS_H</highlight><highlight class="normal"></highlight></codeline>
<codeline lineno="28"><highlight class="normal"><ref refid="struct_e_s_t_a_d_o" kindref="compound">ESTADO</ref><sp/>*inicializar_estado();</highlight></codeline>
<codeline lineno="29"><highlight class="normal"></highlight><highlight class="keywordtype">int</highlight><highlight class="normal"><sp/>obter_jogador_atual(<ref refid="struct_e_s_t_a_d_o" kindref="compound">ESTADO</ref><sp/>*estado);</highlight></codeline>
<codeline lineno="30"><highlight class="normal"></highlight><highlight class="keywordtype">int</highlight><highlight class="normal"><sp/>obter_numero_de_jogadas(<ref refid="struct_e_s_t_a_d_o" kindref="compound">ESTADO</ref><sp/>*estado);</highlight></codeline>
<codeline lineno="31"><highlight class="normal"></highlight><highlight class="keywordtype">int</highlight><highlight class="normal"><sp/>obter_estado_casa(<ref refid="struct_e_s_t_a_d_o" kindref="compound">ESTADO</ref><sp/>*e,<sp/><ref refid="struct_c_o_o_r_d_e_n_a_d_a" kindref="compound">COORDENADA</ref><sp/>c);</highlight></codeline>
<codeline lineno="32"><highlight class="normal"><ref refid="struct_c_o_o_r_d_e_n_a_d_a" kindref="compound">COORDENADA</ref><sp/>obter_ultima_jogada(<ref refid="struct_e_s_t_a_d_o" kindref="compound">ESTADO</ref><sp/>*e);</highlight></codeline>
<codeline lineno="33"><highlight class="normal"></highlight></codeline>
    </programlisting>
    <location file="dados.h"/>
  </compounddef>
</doxygen>
