<?xml version='1.0' encoding='UTF-8' standalone='no'?>
<doxygenindex xmlns:xsi="http://www.w3.org/2001/XMLSchema-instance" xsi:noNamespaceSchemaLocation="index.xsd" version="1.8.18">
  <compound refid="struct_c_o_o_r_d_e_n_a_d_a" kind="struct"><name>COORDENADA</name>
    <member refid="struct_c_o_o_r_d_e_n_a_d_a_1a4a2f44649af1dfbf8d13141d5a336455" kind="variable"><name>coluna</name></member>
    <member refid="struct_c_o_o_r_d_e_n_a_d_a_1af20d02e678ba0aeaf8727d747151baf0" kind="variable"><name>linha</name></member>
  </compound>
  <compound refid="struct_e_s_t_a_d_o" kind="struct"><name>ESTADO</name>
    <member refid="struct_e_s_t_a_d_o_1ac8666ec38adeb89763675ff0921405df" kind="variable"><name>tab</name></member>
    <member refid="struct_e_s_t_a_d_o_1a88f042640b66b99525b1c9d830893177" kind="variable"><name>ultima_jogada</name></member>
    <member refid="struct_e_s_t_a_d_o_1a0e44ff9e999c7573f4b87cb8a7aba6c2" kind="variable"><name>jogadas</name></member>
    <member refid="struct_e_s_t_a_d_o_1a06af1e846368d0fc9525e78f4d86faa3" kind="variable"><name>num_jogadas</name></member>
    <member refid="struct_e_s_t_a_d_o_1a6f3701db06762a60333719d94aa4d28c" kind="variable"><name>jogador_atual</name></member>
  </compound>
  <compound refid="struct_j_o_g_a_d_a" kind="struct"><name>JOGADA</name>
    <member refid="struct_j_o_g_a_d_a_1aad7d21d5a8e288caf7e90f717066aa09" kind="variable"><name>jogador1</name></member>
    <member refid="struct_j_o_g_a_d_a_1a3dc122c89c610e66c84c57e574e2fdc0" kind="variable"><name>jogador2</name></member>
  </compound>
  <compound refid="struct_l_i_s_t_a" kind="struct"><name>LISTA</name>
    <member refid="struct_l_i_s_t_a_1a9eab91667db4d35c7231dcddf7b89a76" kind="variable"><name>data</name></member>
    <member refid="struct_l_i_s_t_a_1a29c3a1e5f1cefeb1ba3d2e56fa4b6dbc" kind="variable"><name>next</name></member>
  </compound>
  <compound refid="_c_make_lists_8txt" kind="file"><name>CMakeLists.txt</name>
  </compound>
  <compound refid="dados_8c" kind="file"><name>dados.c</name>
    <member refid="dados_8c_1a7e0c7e26fb685d9ab501e19b05e6954f" kind="function"><name>inicializar_estado</name></member>
    <member refid="dados_8c_1ad6e326e4ffa57ca1ae0c75377ecefc8c" kind="function"><name>obter_jogador_atual</name></member>
    <member refid="dados_8c_1a6cd0b387bdee9e18003c78852394aa63" kind="function"><name>obter_numero_de_jogadas</name></member>
    <member refid="dados_8c_1a09857e35bf58d8ec9cfed3bc88637b42" kind="function"><name>obter_estado_casa</name></member>
    <member refid="dados_8c_1a0c4ea19b1ec29898fe23d5c9a86156f7" kind="function"><name>criar_lista</name></member>
    <member refid="dados_8c_1affd793136ce5274612b0091434c456d6" kind="function"><name>insere_cabeca</name></member>
    <member refid="dados_8c_1a94f832b2a4f5231f959e61214611c456" kind="function"><name>devolve_cabeca</name></member>
    <member refid="dados_8c_1ad414b5e2e9c6cb52b661f1784b0ec2f8" kind="function"><name>proximo</name></member>
    <member refid="dados_8c_1a51cd60537a3b8ad4929160f87c78d23d" kind="function"><name>remove_cabeca</name></member>
    <member refid="dados_8c_1ae0e53467ca8a4469e2633df3281b4fb1" kind="function"><name>lista_esta_vazia</name></member>
  </compound>
  <compound refid="dados_8h" kind="file"><name>dados.h</name>
    <member refid="dados_8h_1aba91601f16d4c485b2d9b8c429f27039" kind="enum"><name>CASA</name></member>
    <member refid="dados_8h_1aba91601f16d4c485b2d9b8c429f27039abc711f491a56ec7af7a688be508c5113" kind="enumvalue"><name>VAZIO</name></member>
    <member refid="dados_8h_1aba91601f16d4c485b2d9b8c429f27039ad24485fddec75419fd4a0cc9edda0ca5" kind="enumvalue"><name>BRANCA</name></member>
    <member refid="dados_8h_1aba91601f16d4c485b2d9b8c429f27039a007278eb3827d19891b47cdd3ac8846d" kind="enumvalue"><name>PRETA</name></member>
    <member refid="dados_8h_1a94c221d29a1760f008b7834093259b7d" kind="typedef"><name>JOGADAS</name></member>
    <member refid="dados_8h_1aa21c7f1158bf5421951103fe335310f0" kind="typedef"><name>node</name></member>
    <member refid="dados_8h_1a7e0c7e26fb685d9ab501e19b05e6954f" kind="function"><name>inicializar_estado</name></member>
    <member refid="dados_8h_1ad6e326e4ffa57ca1ae0c75377ecefc8c" kind="function"><name>obter_jogador_atual</name></member>
    <member refid="dados_8h_1a6cd0b387bdee9e18003c78852394aa63" kind="function"><name>obter_numero_de_jogadas</name></member>
    <member refid="dados_8h_1a09857e35bf58d8ec9cfed3bc88637b42" kind="function"><name>obter_estado_casa</name></member>
    <member refid="dados_8h_1a40555aff97afc67bd1866f2785111310" kind="function"><name>obter_ultima_jogada</name></member>
  </compound>
  <compound refid="interface_8c" kind="file"><name>interface.c</name>
    <member refid="interface_8c_1a6821bafc3c88dfb2e433a095df9940c6" kind="define"><name>BUF_SIZE</name></member>
    <member refid="interface_8c_1a24da95ebeede4a540e37790ce8be359b" kind="function"><name>interpretador</name></member>
    <member refid="interface_8c_1a50c45fa85652567c26f7a979e83a7a88" kind="function"><name>entrada</name></member>
    <member refid="interface_8c_1aa0b6c1689e60ac852a73d67e066c1df5" kind="function"><name>mostrar_tabuleiro</name></member>
    <member refid="interface_8c_1a067c329abaf9ce85723f67ab36de5f9f" kind="function"><name>fim</name></member>
    <member refid="interface_8c_1a111f646229e0a9b01b86ae9048ce6677" kind="function"><name>pedir_entrada</name></member>
  </compound>
  <compound refid="interface_8h" kind="file"><name>interface.h</name>
    <member refid="interface_8h_1aa0b6c1689e60ac852a73d67e066c1df5" kind="function"><name>mostrar_tabuleiro</name></member>
    <member refid="interface_8h_1a50c45fa85652567c26f7a979e83a7a88" kind="function"><name>entrada</name></member>
    <member refid="interface_8h_1a111f646229e0a9b01b86ae9048ce6677" kind="function"><name>pedir_entrada</name></member>
    <member refid="interface_8h_1a24da95ebeede4a540e37790ce8be359b" kind="function"><name>interpretador</name></member>
    <member refid="interface_8h_1a067c329abaf9ce85723f67ab36de5f9f" kind="function"><name>fim</name></member>
  </compound>
  <compound refid="lista_8c" kind="file"><name>lista.c</name>
    <member refid="lista_8c_1aad68b084eaf922bab937ff804c267ccb" kind="function"><name>criar_lista</name></member>
    <member refid="lista_8c_1a90fa2a96478cdea238a62d176a1813ba" kind="function"><name>insere_cabeca</name></member>
    <member refid="lista_8c_1a099066e07ef551a241bbbe21a69ed2ab" kind="function"><name>devolve_cabeca</name></member>
    <member refid="lista_8c_1adc3c72ba19f80cc26f517f73676fc092" kind="function"><name>proximo</name></member>
    <member refid="lista_8c_1abe996806ae982e97364f439af3505445" kind="function"><name>remove_cabeca</name></member>
    <member refid="lista_8c_1a767952489dbf30fed1d3c8063c39d851" kind="function"><name>lista_esta_vazia</name></member>
  </compound>
  <compound refid="lista_8h" kind="file"><name>lista.h</name>
    <member refid="lista_8h_1aa2a51855f1faca3c483f28cfa29d7516" kind="define"><name>JOGO_node_H</name></member>
    <member refid="lista_8h_1a070d2ce7b6bb7e5c05602aa8c308d0c4" kind="define"><name>NULL</name></member>
    <member refid="lista_8h_1a5dc35398d4aa807323c96bbe26af320d" kind="function"><name>criar_node</name></member>
    <member refid="lista_8h_1a90fa2a96478cdea238a62d176a1813ba" kind="function"><name>insere_cabeca</name></member>
    <member refid="lista_8h_1a099066e07ef551a241bbbe21a69ed2ab" kind="function"><name>devolve_cabeca</name></member>
    <member refid="lista_8h_1adc3c72ba19f80cc26f517f73676fc092" kind="function"><name>proximo</name></member>
    <member refid="lista_8h_1abe996806ae982e97364f439af3505445" kind="function"><name>remove_cabeca</name></member>
    <member refid="lista_8h_1a3cd0773a797a5afab08e26a154686f1b" kind="function"><name>node_esta_vazia</name></member>
  </compound>
  <compound refid="logica_8c" kind="file"><name>logica.c</name>
    <member refid="logica_8c_1a6821bafc3c88dfb2e433a095df9940c6" kind="define"><name>BUF_SIZE</name></member>
    <member refid="logica_8c_1a7ddb60eea109aaf41e3b90c03790e520" kind="variable"><name>passouCasaMeio</name></member>
    <member refid="logica_8c_1a68da58e1b11462b2a60051daffe373b2" kind="function"><name>podeJogar</name></member>
    <member refid="logica_8c_1a53460d878207187f17ea805973f7b9b5" kind="function"><name>updateJogadas</name></member>
    <member refid="logica_8c_1ac313d7e553b1e2b5f266acb9bfff8141" kind="function"><name>jogar</name></member>
    <member refid="logica_8c_1ab7aa9ca3c8bacfe04c2b68679a4809c6" kind="function"><name>jogarAutoAdv</name></member>
    <member refid="logica_8c_1a49f901803bcbbe7896285589bc5dc5d4" kind="function"><name>jogarAuto</name></member>
  </compound>
  <compound refid="logica_8h" kind="file"><name>logica.h</name>
    <member refid="logica_8h_1a53472e75f056ceb02b5387193021838a" kind="function"><name>jogar</name></member>
    <member refid="logica_8h_1ad08244b6e6e2b23a3c3459bb7b1413dd" kind="function"><name>podeJogar</name></member>
    <member refid="logica_8h_1a53460d878207187f17ea805973f7b9b5" kind="function"><name>updateJogadas</name></member>
    <member refid="logica_8h_1ac21f1755091edaf5e6282c985bd0cbf0" kind="function"><name>jogarAuto</name></member>
    <member refid="logica_8h_1a0115f90519ec7208cca17f8f6c47b53c" kind="function"><name>jogarAutoAdv</name></member>
  </compound>
  <compound refid="main_8c" kind="file"><name>main.c</name>
    <member refid="main_8c_1ae66f6b31b5ad750f1fe042a706a4e3d4" kind="function"><name>main</name></member>
  </compound>
</doxygenindex>
