<?xml version='1.0' encoding='UTF-8' standalone='no'?>
<doxygen xmlns:xsi="http://www.w3.org/2001/XMLSchema-instance" xsi:noNamespaceSchemaLocation="compound.xsd" version="1.8.18">
  <compounddef id="logica_8h" kind="file" language="C++">
    <compoundname>logica.h</compoundname>
    <includedby refid="interface_8h" local="yes">interface.h</includedby>
    <includedby refid="interface_8c" local="yes">interface.c</includedby>
    <invincdepgraph>
      <node id="1">
        <label>logica.h</label>
        <link refid="logica_8h"/>
        <childnode refid="2" relation="include">
        </childnode>
      </node>
      <node id="2">
        <label>interface.h</label>
        <link refid="interface_8h"/>
      </node>
    </invincdepgraph>
      <sectiondef kind="func">
      <memberdef kind="function" id="logica_8h_1a53472e75f056ceb02b5387193021838a" prot="public" static="no" const="no" explicit="no" inline="no" virt="non-virtual">
        <type>int</type>
        <definition>int jogar</definition>
        <argsstring>(ESTADO *estado, COORDENADA c)</argsstring>
        <name>jogar</name>
        <param>
          <type><ref refid="struct_e_s_t_a_d_o" kindref="compound">ESTADO</ref> *</type>
          <declname>estado</declname>
        </param>
        <param>
          <type><ref refid="struct_c_o_o_r_d_e_n_a_d_a" kindref="compound">COORDENADA</ref></type>
          <declname>c</declname>
        </param>
        <briefdescription>
<para>Função para jogar no tabuleiro. </para>
        </briefdescription>
        <detaileddescription>
        </detaileddescription>
        <inbodydescription>
        </inbodydescription>
        <location file="logica.h" line="13" column="5" bodyfile="logica.c" bodystart="43" bodyend="66" declfile="logica.h" declline="13" declcolumn="5"/>
      </memberdef>
      <memberdef kind="function" id="logica_8h_1ad08244b6e6e2b23a3c3459bb7b1413dd" prot="public" static="no" const="no" explicit="no" inline="no" virt="non-virtual">
        <type>int</type>
        <definition>int podeJogar</definition>
        <argsstring>(ESTADO *e)</argsstring>
        <name>podeJogar</name>
        <param>
          <type><ref refid="struct_e_s_t_a_d_o" kindref="compound">ESTADO</ref> *</type>
          <declname>e</declname>
        </param>
        <briefdescription>
<para>Função para saber se pode jogar no tabuleiro na posição escolhida. </para>
        </briefdescription>
        <detaileddescription>
        </detaileddescription>
        <inbodydescription>
        </inbodydescription>
        <location file="logica.h" line="17" column="5" declfile="logica.h" declline="17" declcolumn="5"/>
      </memberdef>
      <memberdef kind="function" id="logica_8h_1a53460d878207187f17ea805973f7b9b5" prot="public" static="no" const="no" explicit="no" inline="no" virt="non-virtual">
        <type>int</type>
        <definition>int updateJogadas</definition>
        <argsstring>(ESTADO *e, COORDENADA c)</argsstring>
        <name>updateJogadas</name>
        <param>
          <type><ref refid="struct_e_s_t_a_d_o" kindref="compound">ESTADO</ref> *</type>
          <declname>e</declname>
        </param>
        <param>
          <type><ref refid="struct_c_o_o_r_d_e_n_a_d_a" kindref="compound">COORDENADA</ref></type>
          <declname>c</declname>
        </param>
        <briefdescription>
<para>Função para atualizar jogadas. </para>
        </briefdescription>
        <detaileddescription>
        </detaileddescription>
        <inbodydescription>
        </inbodydescription>
        <location file="logica.h" line="21" column="5" bodyfile="logica.c" bodystart="22" bodyend="41" declfile="logica.h" declline="21" declcolumn="5"/>
      </memberdef>
      <memberdef kind="function" id="logica_8h_1ac21f1755091edaf5e6282c985bd0cbf0" prot="public" static="no" const="no" explicit="no" inline="no" virt="non-virtual">
        <type>int</type>
        <definition>int jogarAuto</definition>
        <argsstring>(ESTADO *e)</argsstring>
        <name>jogarAuto</name>
        <param>
          <type><ref refid="struct_e_s_t_a_d_o" kindref="compound">ESTADO</ref> *</type>
          <declname>e</declname>
        </param>
        <briefdescription>
<para>Função para jogar auto. </para>
        </briefdescription>
        <detaileddescription>
        </detaileddescription>
        <inbodydescription>
        </inbodydescription>
        <location file="logica.h" line="25" column="5" bodyfile="logica.c" bodystart="83" bodyend="110" declfile="logica.h" declline="25" declcolumn="5"/>
      </memberdef>
      <memberdef kind="function" id="logica_8h_1a0115f90519ec7208cca17f8f6c47b53c" prot="public" static="no" const="no" explicit="no" inline="no" virt="non-virtual">
        <type>int</type>
        <definition>int jogarAutoAdv</definition>
        <argsstring>(ESTADO *e)</argsstring>
        <name>jogarAutoAdv</name>
        <param>
          <type><ref refid="struct_e_s_t_a_d_o" kindref="compound">ESTADO</ref> *</type>
          <declname>e</declname>
        </param>
        <briefdescription>
<para>Função para jogar auto avançado. </para>
        </briefdescription>
        <detaileddescription>
        </detaileddescription>
        <inbodydescription>
        </inbodydescription>
        <location file="logica.h" line="29" column="5" bodyfile="logica.c" bodystart="67" bodyend="82" declfile="logica.h" declline="29" declcolumn="5"/>
      </memberdef>
      </sectiondef>
    <briefdescription>
    </briefdescription>
    <detaileddescription>
<para>Definição do estado e das funções que o manipulam </para>
    </detaileddescription>
    <programlisting>
<codeline lineno="1"><highlight class="comment">//</highlight><highlight class="normal"></highlight></codeline>
<codeline lineno="2"><highlight class="normal"></highlight><highlight class="comment">//<sp/>Created<sp/>by<sp/>João<sp/>Guedes<sp/>on<sp/>10/03/2020.</highlight><highlight class="normal"></highlight></codeline>
<codeline lineno="3"><highlight class="normal"></highlight><highlight class="comment">//</highlight></codeline>
<codeline lineno="8"><highlight class="comment"></highlight><highlight class="preprocessor">#ifndef<sp/>GUIAO5_LOGICA_H</highlight><highlight class="normal"></highlight></codeline>
<codeline lineno="9"><highlight class="normal"></highlight><highlight class="preprocessor">#define<sp/>GUIAO5_LOGICA_H</highlight><highlight class="normal"></highlight></codeline>
<codeline lineno="10"><highlight class="normal"></highlight></codeline>
<codeline lineno="13"><highlight class="keywordtype">int</highlight><highlight class="normal"><sp/><ref refid="logica_8h_1a53472e75f056ceb02b5387193021838a" kindref="member">jogar</ref>(<ref refid="struct_e_s_t_a_d_o" kindref="compound">ESTADO</ref><sp/>*estado,<sp/><ref refid="struct_c_o_o_r_d_e_n_a_d_a" kindref="compound">COORDENADA</ref><sp/>c);</highlight></codeline>
<codeline lineno="17" refid="logica_8h_1ad08244b6e6e2b23a3c3459bb7b1413dd" refkind="member"><highlight class="keywordtype">int</highlight><highlight class="normal"><sp/><ref refid="logica_8h_1ad08244b6e6e2b23a3c3459bb7b1413dd" kindref="member">podeJogar</ref>(<ref refid="struct_e_s_t_a_d_o" kindref="compound">ESTADO</ref><sp/>*e);</highlight></codeline>
<codeline lineno="21"><highlight class="keywordtype">int</highlight><highlight class="normal"><sp/><ref refid="logica_8h_1a53460d878207187f17ea805973f7b9b5" kindref="member">updateJogadas</ref>(<ref refid="struct_e_s_t_a_d_o" kindref="compound">ESTADO</ref><sp/>*e,<sp/><ref refid="struct_c_o_o_r_d_e_n_a_d_a" kindref="compound">COORDENADA</ref><sp/>c);</highlight></codeline>
<codeline lineno="25"><highlight class="keywordtype">int</highlight><highlight class="normal"><sp/><ref refid="logica_8h_1ac21f1755091edaf5e6282c985bd0cbf0" kindref="member">jogarAuto</ref>(<ref refid="struct_e_s_t_a_d_o" kindref="compound">ESTADO</ref><sp/>*e);</highlight></codeline>
<codeline lineno="29"><highlight class="keywordtype">int</highlight><highlight class="normal"><sp/><ref refid="logica_8h_1a0115f90519ec7208cca17f8f6c47b53c" kindref="member">jogarAutoAdv</ref>(<ref refid="struct_e_s_t_a_d_o" kindref="compound">ESTADO</ref><sp/>*e);</highlight></codeline>
<codeline lineno="30"><highlight class="normal"></highlight><highlight class="preprocessor">#endif<sp/>//GUIAO5_LOGICA_H</highlight></codeline>
    </programlisting>
    <location file="logica.h"/>
  </compounddef>
</doxygen>
