<?xml version='1.0' encoding='UTF-8' standalone='no'?>
<doxygen xmlns:xsi="http://www.w3.org/2001/XMLSchema-instance" xsi:noNamespaceSchemaLocation="compound.xsd" version="1.8.18">
  <compounddef id="struct_l_i_s_t_a" kind="struct" language="C++" prot="public">
    <compoundname>LISTA</compoundname>
      <sectiondef kind="public-attrib">
      <memberdef kind="variable" id="struct_l_i_s_t_a_1a9eab91667db4d35c7231dcddf7b89a76" prot="public" static="no" mutable="no">
        <type>int</type>
        <definition>int data</definition>
        <argsstring></argsstring>
        <name>data</name>
        <briefdescription>
        </briefdescription>
        <detaileddescription>
        </detaileddescription>
        <inbodydescription>
        </inbodydescription>
        <location file="dados.h" line="20" column="9" bodyfile="dados.h" bodystart="20" bodyend="-1"/>
      </memberdef>
      <memberdef kind="variable" id="struct_l_i_s_t_a_1a29c3a1e5f1cefeb1ba3d2e56fa4b6dbc" prot="public" static="no" mutable="no">
        <type>struct <ref refid="struct_l_i_s_t_a" kindref="compound">LISTA</ref> *</type>
        <definition>struct LISTA* next</definition>
        <argsstring></argsstring>
        <name>next</name>
        <briefdescription>
        </briefdescription>
        <detaileddescription>
        </detaileddescription>
        <inbodydescription>
        </inbodydescription>
        <location file="dados.h" line="21" column="16" bodyfile="dados.h" bodystart="21" bodyend="-1"/>
      </memberdef>
      </sectiondef>
    <briefdescription>
    </briefdescription>
    <detaileddescription>
    </detaileddescription>
    <collaborationgraph>
      <node id="1">
        <label>LISTA</label>
        <link refid="struct_l_i_s_t_a"/>
        <childnode refid="1" relation="usage">
          <edgelabel>next</edgelabel>
        </childnode>
      </node>
    </collaborationgraph>
    <location file="dados.h" line="19" column="1" bodyfile="dados.h" bodystart="19" bodyend="22"/>
    <listofallmembers>
      <member refid="struct_l_i_s_t_a_1a9eab91667db4d35c7231dcddf7b89a76" prot="public" virt="non-virtual"><scope>LISTA</scope><name>data</name></member>
      <member refid="struct_l_i_s_t_a_1a29c3a1e5f1cefeb1ba3d2e56fa4b6dbc" prot="public" virt="non-virtual"><scope>LISTA</scope><name>next</name></member>
    </listofallmembers>
  </compounddef>
</doxygen>
