<?xml version='1.0' encoding='UTF-8' standalone='no'?>
<doxygen xmlns:xsi="http://www.w3.org/2001/XMLSchema-instance" xsi:noNamespaceSchemaLocation="compound.xsd" version="1.8.18">
  <compounddef id="struct_j_o_g_a_d_a" kind="struct" language="C++" prot="public">
    <compoundname>JOGADA</compoundname>
      <sectiondef kind="public-attrib">
      <memberdef kind="variable" id="struct_j_o_g_a_d_a_1aad7d21d5a8e288caf7e90f717066aa09" prot="public" static="no" mutable="no">
        <type><ref refid="struct_c_o_o_r_d_e_n_a_d_a" kindref="compound">COORDENADA</ref></type>
        <definition>COORDENADA jogador1</definition>
        <argsstring></argsstring>
        <name>jogador1</name>
        <briefdescription>
        </briefdescription>
        <detaileddescription>
        </detaileddescription>
        <inbodydescription>
        </inbodydescription>
        <location file="dados.h" line="7" column="16" bodyfile="dados.h" bodystart="7" bodyend="-1"/>
      </memberdef>
      <memberdef kind="variable" id="struct_j_o_g_a_d_a_1a3dc122c89c610e66c84c57e574e2fdc0" prot="public" static="no" mutable="no">
        <type><ref refid="struct_c_o_o_r_d_e_n_a_d_a" kindref="compound">COORDENADA</ref></type>
        <definition>COORDENADA jogador2</definition>
        <argsstring></argsstring>
        <name>jogador2</name>
        <briefdescription>
        </briefdescription>
        <detaileddescription>
        </detaileddescription>
        <inbodydescription>
        </inbodydescription>
        <location file="dados.h" line="8" column="16" bodyfile="dados.h" bodystart="8" bodyend="-1"/>
      </memberdef>
      </sectiondef>
    <briefdescription>
    </briefdescription>
    <detaileddescription>
    </detaileddescription>
    <collaborationgraph>
      <node id="1">
        <label>JOGADA</label>
        <link refid="struct_j_o_g_a_d_a"/>
        <childnode refid="2" relation="usage">
          <edgelabel>jogador1</edgelabel>
          <edgelabel>jogador2</edgelabel>
        </childnode>
      </node>
      <node id="2">
        <label>COORDENADA</label>
        <link refid="struct_c_o_o_r_d_e_n_a_d_a"/>
      </node>
    </collaborationgraph>
    <location file="dados.h" line="6" column="1" bodyfile="dados.h" bodystart="6" bodyend="9"/>
    <listofallmembers>
      <member refid="struct_j_o_g_a_d_a_1aad7d21d5a8e288caf7e90f717066aa09" prot="public" virt="non-virtual"><scope>JOGADA</scope><name>jogador1</name></member>
      <member refid="struct_j_o_g_a_d_a_1a3dc122c89c610e66c84c57e574e2fdc0" prot="public" virt="non-virtual"><scope>JOGADA</scope><name>jogador2</name></member>
    </listofallmembers>
  </compounddef>
</doxygen>
